Search,Cost,Clicks,Impressions,Conversions
care homes near me,£6.44,3,42,0.00
care homes norwich,£0.00,0,16,0.00
care home near me,£0.00,0,12,0.00
care home norwich,£0.00,0,12,0.00
brundall care home,£1.01,2,11,0.00
hollyman care homes,£0.98,5,11,0.00
care homes great yarmouth,£0.00,0,10,0.00
care homes near me with vacancies,£0.00,0,8,0.00
broadland park care home upton,£1.82,3,7,0.00
cascade care home norwich,£0.70,1,7,0.00
black swan care homes norwich,£0.00,0,6,0.00
care home,£0.00,0,6,0.00
care homes lowestoft,£0.28,1,6,0.00
martham lodge care home,£26.75,2,6,0.00
broadlands park upton,£1.80,2,5,0.00
care home aylsham,£0.00,0,5,0.00
near care home,£0.00,0,5,0.00
norwich care homes,£0.00,0,5,0.00
st thomas house north walsham,£0.00,0,5,0.00
broadland view,£0.30,1,4,0.00
care homes in norwich,£0.00,0,4,0.00
fuchsia care gorleston,£0.00,0,4,0.00
manor farm blofield,£0.00,0,4,0.00
nursing home near me,£5.96,2,4,0.00
assisted living norwich,£0.00,0,3,0.00
avail care agency norwich,£7.57,1,3,0.00
avery care home norwich,£0.00,0,3,0.00
beauchamp care home norfolk,£0.00,0,3,0.00
beauchamp house norwich,£0.00,0,3,0.00
black swan care group norwich,£0.00,0,3,0.00
broadlands care home norwich,£1.25,1,3,0.00
burgh house residential care home,£0.00,0,3,0.00
care home in norwich,£0.00,0,3,0.00
care home lowestoft,£0.00,0,3,0.00
care homes in great yarmouth,£0.00,0,3,0.00
care homes that provide sponsorship in uk,£0.00,0,3,0.00
ealing house care home martham,£0.84,1,3,0.00
limes care home norwich,£0.00,0,3,0.00
norwich residential homes,£0.79,1,3,0.00
nursing home norwich,£1.31,1,3,0.00
overbury house wroxham,£0.00,0,3,0.00
park house care home great yarmouth,£0.00,0,3,0.00
residential homes lowestoft,£0.00,0,3,0.00
singer court norwich,£0.00,0,3,0.00
st edmunds care home attleborough,£4.05,1,3,0.00
vineries care home,£0.00,0,3,0.00
westwood care home,£0.00,0,3,0.00
able care agency norwich,£0.00,0,2,0.00
assisted living,£0.00,0,2,0.00
attleborough care home,£0.00,0,2,0.00
blackswan care group,£0.00,0,2,0.00
blossom home care,£0.00,0,2,0.00
bowthorpe care home,£0.00,0,2,0.00
braydeston court,£0.00,0,2,0.00
brookland care home,£0.00,0,2,0.00
burgh house great yarmouth,£0.00,0,2,0.00
burlingham house care home,£0.00,0,2,0.00
care homes in halesworth,£0.00,0,2,0.00
care homes in lowestoft,£0.00,0,2,0.00
care homes north walsham,£0.00,0,2,0.00
care homes with tier 2 sponsorship in bedfordshire,£20.25,1,2,0.00
care homes with visa sponsorship near me,£0.54,1,2,0.00
carehome co uk,£0.00,0,2,0.00
caremark,£0.00,0,2,0.00
carlton court care home lowestoft,£0.00,0,2,0.00
cera care home,£0.00,0,2,0.00
cherry lodge care home lowestoft,£0.00,0,2,0.00
clark james home care,£0.00,0,2,0.00
coach house care home hemsby,£0.00,0,2,0.00
corton house care home norwich,£0.00,0,2,0.00
crystal care collection,£0.00,0,2,0.00
day centres,£0.00,0,2,0.00
dementia care homes great yarmouth,£1.95,1,2,0.00
dementia support norfolk,£0.00,0,2,0.00
dussindale park,£0.00,0,2,0.00
fuchsia home care,£0.00,0,2,0.00
gables care home,£0.00,0,2,0.00
glendon house overstrand,£0.00,0,2,0.00
kirkley care home,£0.00,0,2,0.00
krg care homes ltd,£0.00,0,2,0.00
martham lodge residential care home,£7.50,1,2,0.00
mayfield care home,£0.00,0,2,0.00
mayfield care home long stratton,£0.00,0,2,0.00
mayflower court care home,£0.00,0,2,0.00
nightingale care home near me,£0.00,0,2,0.00
novic care,£0.00,0,2,0.00
nursing homes great yarmouth,£0.00,0,2,0.00
oaklands residential home near me,£0.00,0,2,0.00
old peoples home near me,£0.00,0,2,0.00
old rectory care home acle,£0.00,0,2,0.00
residential homes in norwich,£0.00,0,2,0.00
sanford house dereham,£0.00,0,2,0.00
shannock court sheringham,£0.00,0,2,0.00
specialist dementia care homes near me,£0.00,0,2,0.00
st georges care home,£0.00,0,2,0.00
st johns care home,£0.00,0,2,0.00
st marys care home norwich,£0.00,0,2,0.00
stradbroke court care home lowestoft,£0.00,0,2,0.00
sunnycroft care home,£0.00,0,2,0.00
swaffham care homes,£0.00,0,2,0.00
